id,birthDate,birthTime,gender,asOfDate,targetLunarYear,referenceLunarBirthYear,bureau,direction,currentOrdinal,allScopedFieldsMatch
synthetic-01,1970-01-01,00:30,male,2026-02-16,2025,1969,water2,reverse,5,true
synthetic-01,1970-01-01,00:30,male,2026-02-17,2026,1969,water2,reverse,5,true
synthetic-01,1970-01-01,00:30,male,2027-02-05,2026,1969,water2,reverse,5,true
synthetic-01,1970-01-01,00:30,male,2027-02-06,2027,1969,water2,reverse,5,true
synthetic-01,1970-01-01,00:30,male,2028-01-25,2027,1969,water2,reverse,5,true
synthetic-01,1970-01-01,00:30,male,2028-01-26,2028,1969,water2,reverse,5,true
synthetic-01,1970-01-01,00:30,male,2026-09-22,2026,1969,water2,reverse,5,true
synthetic-01,1970-01-01,00:30,male,2027-10-08,2027,1969,water2,reverse,5,true
synthetic-02,1971-02-02,02:30,female,2026-02-16,2025,1971,earth5,forward,5,true
synthetic-02,1971-02-02,02:30,female,2026-02-17,2026,1971,earth5,forward,5,true
synthetic-02,1971-02-02,02:30,female,2027-02-05,2026,1971,earth5,forward,5,true
synthetic-02,1971-02-02,02:30,female,2027-02-06,2027,1971,earth5,forward,5,true
synthetic-02,1971-02-02,02:30,female,2028-01-25,2027,1971,earth5,forward,5,true
synthetic-02,1971-02-02,02:30,female,2028-01-26,2028,1971,earth5,forward,5,true
synthetic-02,1971-02-02,02:30,female,2026-09-22,2026,1971,earth5,forward,5,true
synthetic-02,1971-02-02,02:30,female,2027-10-08,2027,1971,earth5,forward,5,true
synthetic-03,1972-03-03,04:30,male,2026-02-16,2025,1972,wood3,forward,5,true
synthetic-03,1972-03-03,04:30,male,2026-02-17,2026,1972,wood3,forward,5,true
synthetic-03,1972-03-03,04:30,male,2027-02-05,2026,1972,wood3,forward,5,true
synthetic-03,1972-03-03,04:30,male,2027-02-06,2027,1972,wood3,forward,5,true
synthetic-03,1972-03-03,04:30,male,2028-01-25,2027,1972,wood3,forward,5,true
synthetic-03,1972-03-03,04:30,male,2028-01-26,2028,1972,wood3,forward,5,true
synthetic-03,1972-03-03,04:30,male,2026-09-22,2026,1972,wood3,forward,5,true
synthetic-03,1972-03-03,04:30,male,2027-10-08,2027,1972,wood3,forward,5,true
synthetic-04,1973-04-04,06:30,female,2026-02-16,2025,1973,metal4,forward,4,true
synthetic-04,1973-04-04,06:30,female,2026-02-17,2026,1973,metal4,forward,5,true
synthetic-04,1973-04-04,06:30,female,2027-02-05,2026,1973,metal4,forward,5,true
synthetic-04,1973-04-04,06:30,female,2027-02-06,2027,1973,metal4,forward,5,true
synthetic-04,1973-04-04,06:30,female,2028-01-25,2027,1973,metal4,forward,5,true
synthetic-04,1973-04-04,06:30,female,2028-01-26,2028,1973,metal4,forward,5,true
synthetic-04,1973-04-04,06:30,female,2026-09-22,2026,1973,metal4,forward,5,true
synthetic-04,1973-04-04,06:30,female,2027-10-08,2027,1973,metal4,forward,5,true
synthetic-05,1974-05-05,08:30,male,2026-02-16,2025,1974,water2,forward,5,true
synthetic-05,1974-05-05,08:30,male,2026-02-17,2026,1974,water2,forward,5,true
synthetic-05,1974-05-05,08:30,male,2027-02-05,2026,1974,water2,forward,5,true
synthetic-05,1974-05-05,08:30,male,2027-02-06,2027,1974,water2,forward,5,true
synthetic-05,1974-05-05,08:30,male,2028-01-25,2027,1974,water2,forward,5,true
synthetic-05,1974-05-05,08:30,male,2028-01-26,2028,1974,water2,forward,5,true
synthetic-05,1974-05-05,08:30,male,2026-09-22,2026,1974,water2,forward,5,true
synthetic-05,1974-05-05,08:30,male,2027-10-08,2027,1974,water2,forward,5,true
synthetic-06,1975-06-06,10:30,female,2026-02-16,2025,1975,fire6,forward,4,true
synthetic-06,1975-06-06,10:30,female,2026-02-17,2026,1975,fire6,forward,4,true
synthetic-06,1975-06-06,10:30,female,2027-02-05,2026,1975,fire6,forward,4,true
synthetic-06,1975-06-06,10:30,female,2027-02-06,2027,1975,fire6,forward,4,true
synthetic-06,1975-06-06,10:30,female,2028-01-25,2027,1975,fire6,forward,4,true
synthetic-06,1975-06-06,10:30,female,2028-01-26,2028,1975,fire6,forward,4,true
synthetic-06,1975-06-06,10:30,female,2026-09-22,2026,1975,fire6,forward,4,true
synthetic-06,1975-06-06,10:30,female,2027-10-08,2027,1975,fire6,forward,4,true
synthetic-07,1976-07-07,12:30,male,2026-02-16,2025,1976,earth5,forward,4,true
synthetic-07,1976-07-07,12:30,male,2026-02-17,2026,1976,earth5,forward,4,true
synthetic-07,1976-07-07,12:30,male,2027-02-05,2026,1976,earth5,forward,4,true
synthetic-07,1976-07-07,12:30,male,2027-02-06,2027,1976,earth5,forward,4,true
synthetic-07,1976-07-07,12:30,male,2028-01-25,2027,1976,earth5,forward,4,true
synthetic-07,1976-07-07,12:30,male,2028-01-26,2028,1976,earth5,forward,4,true
synthetic-07,1976-07-07,12:30,male,2026-09-22,2026,1976,earth5,forward,4,true
synthetic-07,1976-07-07,12:30,male,2027-10-08,2027,1976,earth5,forward,4,true
synthetic-08,1977-08-08,14:30,female,2026-02-16,2025,1977,wood3,forward,4,true
synthetic-08,1977-08-08,14:30,female,2026-02-17,2026,1977,wood3,forward,4,true
synthetic-08,1977-08-08,14:30,female,2027-02-05,2026,1977,wood3,forward,4,true
synthetic-08,1977-08-08,14:30,female,2027-02-06,2027,1977,wood3,forward,4,true
synthetic-08,1977-08-08,14:30,female,2028-01-25,2027,1977,wood3,forward,4,true
synthetic-08,1977-08-08,14:30,female,2028-01-26,2028,1977,wood3,forward,4,true
synthetic-08,1977-08-08,14:30,female,2026-09-22,2026,1977,wood3,forward,4,true
synthetic-08,1977-08-08,14:30,female,2027-10-08,2027,1977,wood3,forward,4,true
synthetic-09,1978-09-09,16:30,male,2026-02-16,2025,1978,metal4,forward,4,true
synthetic-09,1978-09-09,16:30,male,2026-02-17,2026,1978,metal4,forward,4,true
synthetic-09,1978-09-09,16:30,male,2027-02-05,2026,1978,metal4,forward,4,true
synthetic-09,1978-09-09,16:30,male,2027-02-06,2027,1978,metal4,forward,4,true
synthetic-09,1978-09-09,16:30,male,2028-01-25,2027,1978,metal4,forward,4,true
synthetic-09,1978-09-09,16:30,male,2028-01-26,2028,1978,metal4,forward,4,true
synthetic-09,1978-09-09,16:30,male,2026-09-22,2026,1978,metal4,forward,4,true
synthetic-09,1978-09-09,16:30,male,2027-10-08,2027,1978,metal4,forward,4,true
synthetic-10,1979-10-10,18:30,female,2026-02-16,2025,1979,water2,forward,4,true
synthetic-10,1979-10-10,18:30,female,2026-02-17,2026,1979,water2,forward,4,true
synthetic-10,1979-10-10,18:30,female,2027-02-05,2026,1979,water2,forward,4,true
synthetic-10,1979-10-10,18:30,female,2027-02-06,2027,1979,water2,forward,4,true
synthetic-10,1979-10-10,18:30,female,2028-01-25,2027,1979,water2,forward,4,true
synthetic-10,1979-10-10,18:30,female,2028-01-26,2028,1979,water2,forward,4,true
synthetic-10,1979-10-10,18:30,female,2026-09-22,2026,1979,water2,forward,4,true
synthetic-10,1979-10-10,18:30,female,2027-10-08,2027,1979,water2,forward,4,true
synthetic-11,1980-11-11,20:30,male,2026-02-16,2025,1980,fire6,forward,4,true
synthetic-11,1980-11-11,20:30,male,2026-02-17,2026,1980,fire6,forward,4,true
synthetic-11,1980-11-11,20:30,male,2027-02-05,2026,1980,fire6,forward,4,true
synthetic-11,1980-11-11,20:30,male,2027-02-06,2027,1980,fire6,forward,4,true
synthetic-11,1980-11-11,20:30,male,2028-01-25,2027,1980,fire6,forward,4,true
synthetic-11,1980-11-11,20:30,male,2028-01-26,2028,1980,fire6,forward,4,true
synthetic-11,1980-11-11,20:30,male,2026-09-22,2026,1980,fire6,forward,4,true
synthetic-11,1980-11-11,20:30,male,2027-10-08,2027,1980,fire6,forward,4,true
synthetic-12,1981-12-12,22:30,female,2026-02-16,2025,1981,earth5,forward,4,true
synthetic-12,1981-12-12,22:30,female,2026-02-17,2026,1981,earth5,forward,4,true
synthetic-12,1981-12-12,22:30,female,2027-02-05,2026,1981,earth5,forward,4,true
synthetic-12,1981-12-12,22:30,female,2027-02-06,2027,1981,earth5,forward,4,true
synthetic-12,1981-12-12,22:30,female,2028-01-25,2027,1981,earth5,forward,4,true
synthetic-12,1981-12-12,22:30,female,2028-01-26,2028,1981,earth5,forward,4,true
synthetic-12,1981-12-12,22:30,female,2026-09-22,2026,1981,earth5,forward,4,true
synthetic-12,1981-12-12,22:30,female,2027-10-08,2027,1981,earth5,forward,4,true
synthetic-13,1982-01-13,00:30,male,2026-02-16,2025,1981,earth5,reverse,4,true
synthetic-13,1982-01-13,00:30,male,2026-02-17,2026,1981,earth5,reverse,4,true
synthetic-13,1982-01-13,00:30,male,2027-02-05,2026,1981,earth5,reverse,4,true
synthetic-13,1982-01-13,00:30,male,2027-02-06,2027,1981,earth5,reverse,4,true
synthetic-13,1982-01-13,00:30,male,2028-01-25,2027,1981,earth5,reverse,4,true
synthetic-13,1982-01-13,00:30,male,2028-01-26,2028,1981,earth5,reverse,4,true
synthetic-13,1982-01-13,00:30,male,2026-09-22,2026,1981,earth5,reverse,4,true
synthetic-13,1982-01-13,00:30,male,2027-10-08,2027,1981,earth5,reverse,4,true
synthetic-14,1983-02-14,02:30,female,2026-02-16,2025,1983,metal4,forward,3,true
synthetic-14,1983-02-14,02:30,female,2026-02-17,2026,1983,metal4,forward,4,true
synthetic-14,1983-02-14,02:30,female,2027-02-05,2026,1983,metal4,forward,4,true
synthetic-14,1983-02-14,02:30,female,2027-02-06,2027,1983,metal4,forward,4,true
synthetic-14,1983-02-14,02:30,female,2028-01-25,2027,1983,metal4,forward,4,true
synthetic-14,1983-02-14,02:30,female,2028-01-26,2028,1983,metal4,forward,4,true
synthetic-14,1983-02-14,02:30,female,2026-09-22,2026,1983,metal4,forward,4,true
synthetic-14,1983-02-14,02:30,female,2027-10-08,2027,1983,metal4,forward,4,true
synthetic-15,1984-03-15,04:30,male,2026-02-16,2025,1984,water2,forward,4,true
synthetic-15,1984-03-15,04:30,male,2026-02-17,2026,1984,water2,forward,4,true
synthetic-15,1984-03-15,04:30,male,2027-02-05,2026,1984,water2,forward,4,true
synthetic-15,1984-03-15,04:30,male,2027-02-06,2027,1984,water2,forward,4,true
synthetic-15,1984-03-15,04:30,male,2028-01-25,2027,1984,water2,forward,4,true
synthetic-15,1984-03-15,04:30,male,2028-01-26,2028,1984,water2,forward,4,true
synthetic-15,1984-03-15,04:30,male,2026-09-22,2026,1984,water2,forward,4,true
synthetic-15,1984-03-15,04:30,male,2027-10-08,2027,1984,water2,forward,4,true
synthetic-16,1985-04-16,06:30,female,2026-02-16,2025,1985,fire6,forward,3,true
synthetic-16,1985-04-16,06:30,female,2026-02-17,2026,1985,fire6,forward,3,true
synthetic-16,1985-04-16,06:30,female,2027-02-05,2026,1985,fire6,forward,3,true
synthetic-16,1985-04-16,06:30,female,2027-02-06,2027,1985,fire6,forward,3,true
synthetic-16,1985-04-16,06:30,female,2028-01-25,2027,1985,fire6,forward,3,true
synthetic-16,1985-04-16,06:30,female,2028-01-26,2028,1985,fire6,forward,3,true
synthetic-16,1985-04-16,06:30,female,2026-09-22,2026,1985,fire6,forward,3,true
synthetic-16,1985-04-16,06:30,female,2027-10-08,2027,1985,fire6,forward,3,true
synthetic-17,1986-05-17,08:30,male,2026-02-16,2025,1986,earth5,forward,3,true
synthetic-17,1986-05-17,08:30,male,2026-02-17,2026,1986,earth5,forward,3,true
synthetic-17,1986-05-17,08:30,male,2027-02-05,2026,1986,earth5,forward,3,true
synthetic-17,1986-05-17,08:30,male,2027-02-06,2027,1986,earth5,forward,3,true
synthetic-17,1986-05-17,08:30,male,2028-01-25,2027,1986,earth5,forward,3,true
synthetic-17,1986-05-17,08:30,male,2028-01-26,2028,1986,earth5,forward,3,true
synthetic-17,1986-05-17,08:30,male,2026-09-22,2026,1986,earth5,forward,3,true
synthetic-17,1986-05-17,08:30,male,2027-10-08,2027,1986,earth5,forward,3,true
synthetic-18,1987-06-18,10:30,female,2026-02-16,2025,1987,wood3,forward,3,true
synthetic-18,1987-06-18,10:30,female,2026-02-17,2026,1987,wood3,forward,3,true
synthetic-18,1987-06-18,10:30,female,2027-02-05,2026,1987,wood3,forward,3,true
synthetic-18,1987-06-18,10:30,female,2027-02-06,2027,1987,wood3,forward,3,true
synthetic-18,1987-06-18,10:30,female,2028-01-25,2027,1987,wood3,forward,3,true
synthetic-18,1987-06-18,10:30,female,2028-01-26,2028,1987,wood3,forward,3,true
synthetic-18,1987-06-18,10:30,female,2026-09-22,2026,1987,wood3,forward,3,true
synthetic-18,1987-06-18,10:30,female,2027-10-08,2027,1987,wood3,forward,3,true
synthetic-19,1988-07-19,12:30,male,2026-02-16,2025,1988,metal4,forward,3,true
synthetic-19,1988-07-19,12:30,male,2026-02-17,2026,1988,metal4,forward,3,true
synthetic-19,1988-07-19,12:30,male,2027-02-05,2026,1988,metal4,forward,3,true
synthetic-19,1988-07-19,12:30,male,2027-02-06,2027,1988,metal4,forward,3,true
synthetic-19,1988-07-19,12:30,male,2028-01-25,2027,1988,metal4,forward,3,true
synthetic-19,1988-07-19,12:30,male,2028-01-26,2028,1988,metal4,forward,3,true
synthetic-19,1988-07-19,12:30,male,2026-09-22,2026,1988,metal4,forward,3,true
synthetic-19,1988-07-19,12:30,male,2027-10-08,2027,1988,metal4,forward,3,true
synthetic-20,1989-08-20,14:30,female,2026-02-16,2025,1989,water2,forward,3,true
synthetic-20,1989-08-20,14:30,female,2026-02-17,2026,1989,water2,forward,3,true
synthetic-20,1989-08-20,14:30,female,2027-02-05,2026,1989,water2,forward,3,true
synthetic-20,1989-08-20,14:30,female,2027-02-06,2027,1989,water2,forward,3,true
synthetic-20,1989-08-20,14:30,female,2028-01-25,2027,1989,water2,forward,3,true
synthetic-20,1989-08-20,14:30,female,2028-01-26,2028,1989,water2,forward,3,true
synthetic-20,1989-08-20,14:30,female,2026-09-22,2026,1989,water2,forward,3,true
synthetic-20,1989-08-20,14:30,female,2027-10-08,2027,1989,water2,forward,3,true
synthetic-21,1990-09-21,16:30,male,2026-02-16,2025,1990,fire6,forward,3,true
synthetic-21,1990-09-21,16:30,male,2026-02-17,2026,1990,fire6,forward,3,true
synthetic-21,1990-09-21,16:30,male,2027-02-05,2026,1990,fire6,forward,3,true
synthetic-21,1990-09-21,16:30,male,2027-02-06,2027,1990,fire6,forward,3,true
synthetic-21,1990-09-21,16:30,male,2028-01-25,2027,1990,fire6,forward,3,true
synthetic-21,1990-09-21,16:30,male,2028-01-26,2028,1990,fire6,forward,3,true
synthetic-21,1990-09-21,16:30,male,2026-09-22,2026,1990,fire6,forward,3,true
synthetic-21,1990-09-21,16:30,male,2027-10-08,2027,1990,fire6,forward,3,true
synthetic-22,1991-10-22,18:30,female,2026-02-16,2025,1991,earth5,forward,3,true
synthetic-22,1991-10-22,18:30,female,2026-02-17,2026,1991,earth5,forward,3,true
synthetic-22,1991-10-22,18:30,female,2027-02-05,2026,1991,earth5,forward,3,true
synthetic-22,1991-10-22,18:30,female,2027-02-06,2027,1991,earth5,forward,3,true
synthetic-22,1991-10-22,18:30,female,2028-01-25,2027,1991,earth5,forward,3,true
synthetic-22,1991-10-22,18:30,female,2028-01-26,2028,1991,earth5,forward,3,true
synthetic-22,1991-10-22,18:30,female,2026-09-22,2026,1991,earth5,forward,3,true
synthetic-22,1991-10-22,18:30,female,2027-10-08,2027,1991,earth5,forward,3,true
synthetic-23,1992-11-23,20:30,male,2026-02-16,2025,1992,wood3,forward,3,true
synthetic-23,1992-11-23,20:30,male,2026-02-17,2026,1992,wood3,forward,3,true
synthetic-23,1992-11-23,20:30,male,2027-02-05,2026,1992,wood3,forward,3,true
synthetic-23,1992-11-23,20:30,male,2027-02-06,2027,1992,wood3,forward,3,true
synthetic-23,1992-11-23,20:30,male,2028-01-25,2027,1992,wood3,forward,3,true
synthetic-23,1992-11-23,20:30,male,2028-01-26,2028,1992,wood3,forward,3,true
synthetic-23,1992-11-23,20:30,male,2026-09-22,2026,1992,wood3,forward,3,true
synthetic-23,1992-11-23,20:30,male,2027-10-08,2027,1992,wood3,forward,3,true
synthetic-24,1993-12-24,22:30,female,2026-02-16,2025,1993,metal4,forward,2,true
synthetic-24,1993-12-24,22:30,female,2026-02-17,2026,1993,metal4,forward,3,true
synthetic-24,1993-12-24,22:30,female,2027-02-05,2026,1993,metal4,forward,3,true
synthetic-24,1993-12-24,22:30,female,2027-02-06,2027,1993,metal4,forward,3,true
synthetic-24,1993-12-24,22:30,female,2028-01-25,2027,1993,metal4,forward,3,true
synthetic-24,1993-12-24,22:30,female,2028-01-26,2028,1993,metal4,forward,3,true
synthetic-24,1993-12-24,22:30,female,2026-09-22,2026,1993,metal4,forward,3,true
synthetic-24,1993-12-24,22:30,female,2027-10-08,2027,1993,metal4,forward,3,true
synthetic-25,1994-01-25,00:30,male,2026-02-16,2025,1993,metal4,reverse,2,true
synthetic-25,1994-01-25,00:30,male,2026-02-17,2026,1993,metal4,reverse,3,true
synthetic-25,1994-01-25,00:30,male,2027-02-05,2026,1993,metal4,reverse,3,true
synthetic-25,1994-01-25,00:30,male,2027-02-06,2027,1993,metal4,reverse,3,true
synthetic-25,1994-01-25,00:30,male,2028-01-25,2027,1993,metal4,reverse,3,true
synthetic-25,1994-01-25,00:30,male,2028-01-26,2028,1993,metal4,reverse,3,true
synthetic-25,1994-01-25,00:30,male,2026-09-22,2026,1993,metal4,reverse,3,true
synthetic-25,1994-01-25,00:30,male,2027-10-08,2027,1993,metal4,reverse,3,true
synthetic-26,1995-02-26,02:30,female,2026-02-16,2025,1995,fire6,forward,2,true
synthetic-26,1995-02-26,02:30,female,2026-02-17,2026,1995,fire6,forward,2,true
synthetic-26,1995-02-26,02:30,female,2027-02-05,2026,1995,fire6,forward,2,true
synthetic-26,1995-02-26,02:30,female,2027-02-06,2027,1995,fire6,forward,2,true
synthetic-26,1995-02-26,02:30,female,2028-01-25,2027,1995,fire6,forward,2,true
synthetic-26,1995-02-26,02:30,female,2028-01-26,2028,1995,fire6,forward,2,true
synthetic-26,1995-02-26,02:30,female,2026-09-22,2026,1995,fire6,forward,2,true
synthetic-26,1995-02-26,02:30,female,2027-10-08,2027,1995,fire6,forward,2,true
synthetic-27,1996-03-27,04:30,male,2026-02-16,2025,1996,earth5,forward,2,true
synthetic-27,1996-03-27,04:30,male,2026-02-17,2026,1996,earth5,forward,2,true
synthetic-27,1996-03-27,04:30,male,2027-02-05,2026,1996,earth5,forward,2,true
synthetic-27,1996-03-27,04:30,male,2027-02-06,2027,1996,earth5,forward,2,true
synthetic-27,1996-03-27,04:30,male,2028-01-25,2027,1996,earth5,forward,2,true
synthetic-27,1996-03-27,04:30,male,2028-01-26,2028,1996,earth5,forward,2,true
synthetic-27,1996-03-27,04:30,male,2026-09-22,2026,1996,earth5,forward,2,true
synthetic-27,1996-03-27,04:30,male,2027-10-08,2027,1996,earth5,forward,2,true
synthetic-28,1997-04-01,06:30,female,2026-02-16,2025,1997,wood3,forward,2,true
synthetic-28,1997-04-01,06:30,female,2026-02-17,2026,1997,wood3,forward,2,true
synthetic-28,1997-04-01,06:30,female,2027-02-05,2026,1997,wood3,forward,2,true
synthetic-28,1997-04-01,06:30,female,2027-02-06,2027,1997,wood3,forward,2,true
synthetic-28,1997-04-01,06:30,female,2028-01-25,2027,1997,wood3,forward,2,true
synthetic-28,1997-04-01,06:30,female,2028-01-26,2028,1997,wood3,forward,2,true
synthetic-28,1997-04-01,06:30,female,2026-09-22,2026,1997,wood3,forward,2,true
synthetic-28,1997-04-01,06:30,female,2027-10-08,2027,1997,wood3,forward,2,true
synthetic-29,1998-05-02,08:30,male,2026-02-16,2025,1998,metal4,forward,2,true
synthetic-29,1998-05-02,08:30,male,2026-02-17,2026,1998,metal4,forward,2,true
synthetic-29,1998-05-02,08:30,male,2027-02-05,2026,1998,metal4,forward,2,true
synthetic-29,1998-05-02,08:30,male,2027-02-06,2027,1998,metal4,forward,2,true
synthetic-29,1998-05-02,08:30,male,2028-01-25,2027,1998,metal4,forward,2,true
synthetic-29,1998-05-02,08:30,male,2028-01-26,2028,1998,metal4,forward,2,true
synthetic-29,1998-05-02,08:30,male,2026-09-22,2026,1998,metal4,forward,2,true
synthetic-29,1998-05-02,08:30,male,2027-10-08,2027,1998,metal4,forward,2,true
synthetic-30,1999-06-03,10:30,female,2026-02-16,2025,1999,water2,forward,2,true
synthetic-30,1999-06-03,10:30,female,2026-02-17,2026,1999,water2,forward,2,true
synthetic-30,1999-06-03,10:30,female,2027-02-05,2026,1999,water2,forward,2,true
synthetic-30,1999-06-03,10:30,female,2027-02-06,2027,1999,water2,forward,2,true
synthetic-30,1999-06-03,10:30,female,2028-01-25,2027,1999,water2,forward,2,true
synthetic-30,1999-06-03,10:30,female,2028-01-26,2028,1999,water2,forward,2,true
synthetic-30,1999-06-03,10:30,female,2026-09-22,2026,1999,water2,forward,2,true
synthetic-30,1999-06-03,10:30,female,2027-10-08,2027,1999,water2,forward,2,true
