id,birthDate,birthTime,gender,referenceLunarBirthYear,referenceLeapMonth,referenceBureau,referenceDirection,referenceCurrentOrdinal,bureauMatch,directionMatch,currentOrdinalMatch,all12CyclesMatch,all120AnnualPalacesMatch
synthetic-01,1970-01-01,00:30,male,1969,0,water2,reverse,5,true,true,true,true,true
synthetic-02,1971-02-02,02:30,female,1971,0,earth5,forward,5,true,true,true,true,true
synthetic-03,1972-03-03,04:30,male,1972,0,wood3,forward,5,true,true,true,true,true
synthetic-04,1973-04-04,06:30,female,1973,0,metal4,forward,5,true,true,true,true,true
synthetic-05,1974-05-05,08:30,male,1974,0,water2,forward,5,true,true,true,true,true
synthetic-06,1975-06-06,10:30,female,1975,0,fire6,forward,4,true,true,true,true,true
synthetic-07,1976-07-07,12:30,male,1976,0,earth5,forward,4,true,true,true,true,true
synthetic-08,1977-08-08,14:30,female,1977,0,wood3,forward,4,true,true,true,true,true
synthetic-09,1978-09-09,16:30,male,1978,0,metal4,forward,4,true,true,true,true,true
synthetic-10,1979-10-10,18:30,female,1979,0,water2,forward,4,true,true,true,true,true
synthetic-11,1980-11-11,20:30,male,1980,0,fire6,forward,4,true,true,true,true,true
synthetic-12,1981-12-12,22:30,female,1981,0,earth5,forward,4,true,true,true,true,true
synthetic-13,1982-01-13,00:30,male,1981,0,earth5,reverse,4,true,true,true,true,true
synthetic-14,1983-02-14,02:30,female,1983,0,metal4,forward,4,true,true,true,true,true
synthetic-15,1984-03-15,04:30,male,1984,0,water2,forward,4,true,true,true,true,true
synthetic-16,1985-04-16,06:30,female,1985,1,fire6,forward,3,true,true,true,true,true
synthetic-17,1986-05-17,08:30,male,1986,0,earth5,forward,3,true,true,true,true,true
synthetic-18,1987-06-18,10:30,female,1987,0,wood3,forward,3,true,true,true,true,true
synthetic-19,1988-07-19,12:30,male,1988,0,metal4,forward,3,true,true,true,true,true
synthetic-20,1989-08-20,14:30,female,1989,0,water2,forward,3,true,true,true,true,true
