case,synthetic_birth_date,synthetic_birth_time,gender,expected_bureau,expected_direction,expected_current_ordinal,as_of_date,reference_source,reference_evidence,reference_bureau,reference_direction,reference_current_ordinal,cycles_match,annual_palaces_match,transformations_match,reviewer,result
synthetic-01,1970-01-01,00:30,male,water2,reverse,5,2026-09-22,,,,,,,,,,pending
synthetic-02,1971-02-02,02:30,female,earth5,forward,5,2026-09-22,,,,,,,,,,pending
synthetic-03,1972-03-03,04:30,male,wood3,forward,5,2026-09-22,,,,,,,,,,pending
synthetic-04,1973-04-04,06:30,female,metal4,forward,5,2026-09-22,,,,,,,,,,pending
synthetic-05,1974-05-05,08:30,male,water2,forward,5,2026-09-22,,,,,,,,,,pending
synthetic-06,1975-06-06,10:30,female,fire6,forward,4,2026-09-22,,,,,,,,,,pending
synthetic-07,1976-07-07,12:30,male,earth5,forward,4,2026-09-22,,,,,,,,,,pending
synthetic-08,1977-08-08,14:30,female,wood3,forward,4,2026-09-22,,,,,,,,,,pending
synthetic-09,1978-09-09,16:30,male,metal4,forward,4,2026-09-22,,,,,,,,,,pending
synthetic-10,1979-10-10,18:30,female,water2,forward,4,2026-09-22,,,,,,,,,,pending
synthetic-11,1980-11-11,20:30,male,fire6,forward,4,2026-09-22,,,,,,,,,,pending
synthetic-12,1981-12-12,22:30,female,earth5,forward,4,2026-09-22,,,,,,,,,,pending
synthetic-13,1982-01-13,00:30,male,earth5,reverse,4,2026-09-22,,,,,,,,,,pending
synthetic-14,1983-02-14,02:30,female,metal4,forward,4,2026-09-22,,,,,,,,,,pending
synthetic-15,1984-03-15,04:30,male,water2,forward,4,2026-09-22,,,,,,,,,,pending
synthetic-16,1985-04-16,06:30,female,fire6,forward,3,2026-09-22,,,,,,,,,,pending
synthetic-17,1986-05-17,08:30,male,earth5,forward,3,2026-09-22,,,,,,,,,,pending
synthetic-18,1987-06-18,10:30,female,wood3,forward,3,2026-09-22,,,,,,,,,,pending
synthetic-19,1988-07-19,12:30,male,metal4,forward,3,2026-09-22,,,,,,,,,,pending
synthetic-20,1989-08-20,14:30,female,water2,forward,3,2026-09-22,,,,,,,,,,pending
